Variable Name, unique values, mean, std 
temp,49,20.23085982,7.79158984399
atemp,60,23.6550840529,8.47460062649
time,24,11.541613081,6.9158379692
humidity,89,61.886459673,19.2450332774
windspeed,28,12.7993954069,8.16453732684
casual,309,36.0219548043,49.9604765726
registered,731,155.552177108,151.039033082
count,822,191.574131913,181.14445383
